id,title
Q57831,fortress
Q220935,demo
Q180095,tyrant
Q1823478,biological interaction
Q886837,blood test
Q2465832,branch of science
Q251212,Internet of things
Q39689,alchemy
Q193010,wind tunnel
Q183951,balloon
Q1339195,station building
Q753877,homework
Q275186,gang
Q2990807,management accounting
Q93165,olive oil
Q192874,noodle
Q628165,road movie
Q214649,tape measure
Q25391,dune
Q104499,planetary science
Q209163,expansion pack
Q61002,pseudonym
Q1535153,superhero film
Q8236,literacy
Q968159,art movement
Q9410,werewolf
Q184625,decagon
Q1395509,posthumous
Q43747,Internet slang
Q750458,capital market
Q2751054,sustainable agriculture
Q1842924,prehistoric art
Q170579,laughter
Q37147,atomic nucleus
Q27911,bass
Q143429,polyethylene
Q607081,textile industry
Q41803,gram
Q380342,manufactory
Q170063,wedding dress
Q192909,scandal
Q17010072,militant
Q638105,badger
Q906356,aqueous solution
Q108000,freezing
Q189774,biennial plant
Q7376362,river source
Q864152,olive
Q570,loudspeaker
Q11424,film
Q21167379,drinking glass
Q152282,shame
Q206310,curl
Q912512,equal opportunity
Q688,chlorine
Q194431,paragraph
Q230752,auditorium
Q486420,genetic drift
Q50053,binary star
Q192152,sport utility vehicle
Q474027,dancehall
Q210028,scattering
Q271580,electron affinity
Q746471,blue cheese
Q476796,call center
Q56055944,type of arts
Q841774,latte
Q113796,precipitation
Q15332375,up
Q216762,hatchback
Q188924,galley
Q286576,register
Q178190,obsessive-compulsive disorder
Q483352,thrash metal
Q192854,solar time
Q669262,primary election
Q2104072,pontoon bridge
Q327018,interrogation
Q185029,first-person shooter
Q132311,fantasy
Q208189,real-time strategy
Q205961,skill
Q152415,sine
Q142554,cosplay
Q1327329,multi-instrumentalist
Q4168000,military intelligence
Q657326,estates of the realm
Q212734,soil contamination
Q207123,herb
Q35749,parliament
Q21096945,award winner
Q199602,itch
Q281287,politeness
Q274502,degree of freedom
Q714737,category of being
Q152401,foot-and-mouth disease
Q163775,medieval music
Q185674,field
Q20474,dubstep
Q11024,communication
Q199691,Laplace transform
Q29051,social anthropology
Q83772,toplessness
Q705818,unfree labour
Q3752578,son-in-law
Q1047050,usage
Q10253316,parasite
Q13442814,scholarly article
Q1144312,passenger car
Q100179919,participated in
Q12758374,relative
Q456012,Chinese literature
Q34132,cylinder
Q326358,joiner
Q716915,mechanical equilibrium
Q20923490,multiple languages
Q865137,flightless bird
Q616314,interest
Q21191270,television series episode
Q24869,feature film
Q858049,instant coffee
Q531,light-year
Q182863,belly dance
Q187432,scripting language
Q399984,hemisphere of the Earth
Q243570,light therapy
Q159341,mold
Q840396,ideal
Q2822895,lithium-ion battery
Q181648,foreign policy
Q13996,Mediterranean climate
Q4182927,stockbroker
Q179076,trading venue
Q44512,epidemic
Q34384,swan
Q2484376,thriller film
Q20895154,Smash up
Q161161,tank destroyer
Q187947,sheet music
Q19,cheating
Q1367,monkey
Q208485,scorched earth
Q1747853,positional notation
Q1317831,active
Q207469,mobbing
Q1084,noun
Q170612,telepathy
Q2092812,language identifier
Q858439,presidential election
Q128309,drum kit
Q202013,nosebleed
Q83267,crime
Q6609574,steam boiler
Q282031,inessive case
Q179661,medical treatment
Q3281534,modern period
Q9644,joint
Q81009,rhetoric
Q622237,Indian literature
Q166231,infection
Q194236,separatism
Q277569,freedom of thought
Q83207,crossword
Q3400050,potter
Q274160,toxicity
Q815825,hospitality
Q4071928,cyberattack
Q859031,stimulus
Q6337803,neuroscientist
Q715358,opposite number
Q1757562,air transport
Q186081,time interval
Q192276,measure
Q742609,human nature
Q389782,cardboard
Q146893,dialectology
Q2088390,spelling
Q331432,fisher
Q1053916,theme
Q187819,dash
Q190686,subroutine
Q1775415,feminine
Q496805,saline water
Q216842,road roller
Q43518,oceanography
Q190946,desert climate
Q62932,elasticity
Q13290,smoothie
Q181020,solipsism
Q17723,Classical period
Q1209716,tomorrow
Q9734,symphony
Q176318,subduction
Q641406,terrace
Q6671777,structure
Q58803,solar cell
Q4618975,Doctor
Q1027879,graphics
Q752392,railcar
Q272737,phenology
Q1076968,digital media
Q3798668,aerospace engineering
Q193946,scientific model
Q209465,university campus
Q659216,aerophone
Q626608,life insurance
Q22728,breast milk
Q173582,gradient
Q380775,antibiotic resistance
Q37525,glucose
Q4290,investment
Q160131,baker
Q171558,accident
Q8065,natural disaster
Q212071,rector
Q157798,watchmaker
Q998,infant
Q68951,divide and rule
Q974850,missile
Q34486,helicopter
Q929186,gold leaf
Q41487,court
Q14756018,twins
Q207449,division of labour
Q205299,paper size
Q38926,news
Q2962070,production designer
Q35158,stereoscopy
Q23397,lake
Q178476,monetary policy
Q9415,emotions
Q102500,chemical symbol
Q631931,decorative art
Q229367,3D printing
Q5107,continent
Q35855,toothpaste
Q182531,battleship
Q41551,pipe
Q207763,rolling pin
Q3962,laptop
Q1133068,quantum dot
Q121416,discrete mathematics
Q216613,Nordic skiing
Q25235,hour
Q3603531,grandchild
Q98150623,has election candidate
Q3665646,basketball player
Q494823,data format
Q132116,folkloristics
Q427626,taxonomic rank
Q215857,bookcase
Q481609,damage
Q1922956,black hair
Q1132127,hip hop culture
Q1707847,role
Q213142,shilling
Q331911,data buffer
Q80687,secretary
Q1424515,charcoal
Q218005,sum
Q544,Solar System
Q17506997,featured list badge
Q192242,frustration
Q27020041,season
Q183945,record producer
Q35054,post office
Q12973014,sports team
Q255722,vapor
Q595871,star system
Q56155,desktop computer
Q178192,cross product
Q191891,fiscal year
Q178694,heredity
Q332880,common sense
Q40157,lava
Q202444,given name
Q74950,objectivism
Q413,physics
Q132151,ethnography
Q157957,perennial plant
Q1979607,financier
Q216852,thyroxine
Q1758037,speaker
Q194120,photoresistor
Q208145,iconography
Q190272,bill of lading
Q662860,smoking
Q128758,satire
Q185142,initial public offering
Q542952,left and right
Q6368,web browser
Q5367,motorsport
Q4260475,medical facility
Q949973,wage labor
Q799,wisdom
Q4817,column
Q1150070,change
Q191345,pentatonic scale
Q11756,prehistory
Q853854,clock tower
Q9143,programming language
Q76092,glam rock
Q43450,gymnastics
Q36534,chemical reaction
Q107410,hypocenter
Q1130265,hydraulic engineering
Q11415,strong interaction
Q650241,financial institution
Q1889,diplomacy
Q27686,hotel
Q6147804,cap
Q7863403,underpants
Q2249305,wheat flour
Q327954,torch
Q407758,glyceride
Q183576,flywheel
Q146728,water wheel
Q152841,puddle
Q183319,tuber
Q208218,patch
Q13629441,electric vehicle
Q192504,tweezers
Q124407,type-1 diabetes
Q376717,Eurocentrism
Q103896,compass
Q194281,prairie
Q1124595,bar chart
Q193592,midfielder
Q52107,physical geography
Q623149,billboard
Q177974,standard atmosphere
Q2920921,management
Q590870,cinematography
Q1479995,customary law
Q355217,time management
Q8347,bagpipe
Q190539,discourse
Q190995,essence
Q9471,epistemology
Q2334719,legal case
Q1418287,goat milk
Q3294789,magnetism
Q37159,milkshake
Q1650562,phytotherapy
Q189233,throne
Q93288,contract
Q175805,semiconductor device
Q13233,ice cream
Q162378,grammatical gender
Q187082,ovulation
Q23702413,diatonic
Q5781808,back pain
Q7138926,parliament building
Q2467461,academic department
Q157833,embezzlement
Q238354,video conference
Q173523,geometric progression
Q2661322,vapor pressure
Q190688,shock wave
Q184558,absolute monarchy
Q172280,ideal gas
Q187117,lobbying
Q7194062,flying machine
Q10693,periodic table
Q24699794,museum building
Q327197,legal transaction
Q1166072,financial transaction
Q131406,denial-of-service attack
Q27939,singing
Q3394849,reaction rate
Q80091,integral
Q18342738,public speaking
Q1194369,first ascent
Q169480,native species
Q186361,punishment
Q2647467,non-alcoholic beverage
Q2703,epoch
Q215677,half marathon
Q197536,deep learning
Q128,Wednesday
Q525512,pathogen transmission
Q191081,logical conjunction
Q182854,molecular mass
Q38033430,class of award
Q62500,ionic bond
Q18560095,winner
Q472953,trepanning
Q4200410,imprinter
Q57143,power metal
Q752401,least developed countries
Q181970,archaism
Q625581,conditional
Q126818,dimensionless quantity
Q21802675,adventure fiction
Q179635,heat transfer
Q58339,disco
Q164573,subject
Q1210980,sponge
Q44337,matrix
Q41364,wavelength
Q217901,capitulation
Q18535,allegory
Q316671,diopside
Q11276,globular cluster
Q18335,radiation
Q244330,hinge
Q15773317,television character
Q2285706,head of government
Q1921606,keyboard
Q127956,microwave oven
Q2483208,social security
Q215680,tectonic plate
Q180472,adoption
Q329547,motion of no confidence
Q1251403,alley
Q854531,real analysis
Q186424,detective fiction
Q461524,fan fiction
Q1326621,electric light
Q43501,zoo
Q501862,blender
Q472251,geosynchronous orbit
Q269323,natural philosophy
Q178433,lexicology
Q1898583,marines
Q19862406,business activity
Q213283,diplomatic mission
Q574491,bruise
Q1554231,resource
Q200253,traditional Chinese medicine
Q492886,supply chain management
Q21714344,first person
Q43436,pearl
Q623,carbon
Q11348,function
Q719375,operand
Q188989,aquaculture
Q657304,visiting card
Q47844,landscape architecture
Q207137,curriculum
Q372765,credit rating
Q121594,professor
Q37517,class
Q93196,Bollywood
Q185813,identity element
Q875538,public university
Q165107,beehive
Q101017,distillation
Q131214,antenna
Q1986893,neighbor
Q919283,hemopoiesis
Q156744,wartime collaboration
Q108193,electrical resistivity
Q64861,transitive relation
Q468756,shore
Q4989906,monument
Q185981,rotation period
Q1196129,spouse
Q2739329,square matrix
Q190122,promissory note
Q35820,Wright brothers
Q134556,single
Q203788,chariot
Q79721,dot-com bubble
Q1668024,service on Internet
Q191086,jungle
Q38066,existentialism
Q673661,abstraction
Q325358,railway platform
Q28564,public library
Q216851,skerry
Q10971235,cushion
Q56061,administrative territorial entity
Q10648343,duo
Q36244,vowel
Q196668,artistic inspiration
Q191154,surfactant
Q192760,fundamental theorem of algebra
Q152964,potato salad
Q190729,ilmenite
Q1254933,astronomical observatory
Q208281,fire engine
Q43806,invertebrate
Q245133,Wheatstone bridge
Q3688975,side dish
Q503129,chocolate brownie
Q1414135,rolling stock
Q1071027,full name
Q477248,pastry
Q22716,imperative
Q10884,tree
Q272167,shoegaze
Q34876,province
Q13179,raspberry
Q4590598,frost
Q1138571,renewable resource
Q160184,flatulence
Q816425,surveying
Q170963,virtual private network
Q171038,softball
Q82580,friction
Q422772,nitro compound
Q10711424,state with limited recognition
Q782543,graphical user interface
Q193846,wave equation
Q192891,holism
Q194361,ethanol fuel
Q201666,cavitation
Q80083,humanities
Q4116214,accounting
Q178048,bus
Q47461344,written work
Q319224,cargo
Q19097,sect
Q175022,digital signal
Q207522,probability density function
Q506259,direct action
Q581776,boulder
Q1455,field hockey
Q332734,absolutive case
Q47848,sacred architecture
Q204570,information entropy
Q42297,analysis of variance
Q36180,writer
Q1107,anime
Q465608,nuclear membrane
Q742385,white chocolate
Q34749,social science
Q5151,month
Q1052281,trans woman
Q9149093,mountaineer
Q212357,flagship
Q844240,computer vision
Q498902,drug withdrawal
Q205049,world music
Q23404,anthropology
Q223694,war elephant
Q900189,HPV vaccine
Q131212,text editor
Q193086,halide
Q215402,cosmopolitan distribution
Q182940,dessert
Q193842,geological map
Q3972282,elder brother
Q157165,creditor
Q510662,ring road
Q274116,plum pudding model
Q1823479,lighting designer
Q7246,unicorn
Q662729,public figure
Q552456,thermoelectric effect
Q1368367,cultural identity
Q731988,vehicle frame
Q104493,risk
Q3895768,fictional location
Q15706911,fictional object
Q83588,chemical engineering
Q618779,award
Q3403377,niece
Q189049,ethnocentrism
Q722218,label
Q159377,lockout
Q821952,oil lamp
Q660910,neurophysiology
Q104962,hypotenuse
Q16389557,philosopher of science
Q900396,ethnogenesis
Q62927,digital camera
Q1298668,science project
Q63391344,antimicrobial resistance
Q58854,literary criticism
Q82,printer
Q321,Milky Way
Q214252,stable
Q41298,magazine
Q772547,armed forces
Q163446,carpet
Q15290,good
Q653197,rash
Q7950,plate tectonics
Q20026619,USB-C
Q227467,atomic clock
Q50769,pyrite
Q191768,pork
Q1072012,internationality
Q49718,crankshaft
Q468469,seabed
Q862228,Raman spectroscopy
Q281111,ghazal
Q213714,bluegrass music
Q249,wireless communication
Q1663630,self-loading firearm
Q216227,state of emergency
Q551835,physician writer
Q1097498,ruler
Q5855,blue giant
Q1334738,international standard
Q156849,sewer network
Q3240715,crater
Q190868,boot
Q12187,antibiotic
Q327115,corn flakes
Q2979,liberty
Q29514218,child
Q246128,cytogenetics
Q188008,dyspnea
Q1251441,leader
Q29476,baking powder
Q58363586,narrator
Q480498,impeachment
Q170406,rhythm
Q707125,threat
Q131734,brewery
Q5579696,Golden Palace
Q219715,restriction enzyme
Q600396,fish as food
Q3578589,environmentalist
Q121713,acupuncture
Q324939,litotes
Q2088357,musical ensemble
Q218616,proprietary software
Q159344,heterotroph
Q921099,boundary marker
Q1297822,copyright
Q11567,complex number
Q389844,membrane potential
Q120877,cloning
Q239509,extinct in the wild
Q327029,mechanic
Q8161,tax
Q207333,honor
Q12518,tower
Q110079,chessboard
Q47146,user interface
Q11371,internet service provider
Q6241,patriotism
Q733786,monk
Q206287,quotation
Q30515,slogan
Q191851,vase
Q846750,jockey
Q1095194,circumlocution
Q35273,optical telescope
Q207452,ship of the line
Q104555,ruler
Q200125,expectation
Q2424752,product
Q255615,code-switching
Q10943,cheese
Q80005,fern
Q796194,medical procedure
Q327353,system administrator
Q7382648,majority
Q203066,relation
Q5320,electrical switch
Q301897,bow
Q193942,immortality
Q459381,literary theory
Q179132,speleology
Q211067,conflict of interest
Q746549,dish
Q209789,burping
Q3502482,cultural region
Q820655,statute
Q193603,ontogeny
Q132814,evaporation
Q7174,democracy
Q620462,thanatology
Q1053956,bead
Q495430,general staff
Q20899,podcast
Q7695,march
Q371090,blind spot
Q143680,dental implant
Q208164,puppet state
Q38883,cooper
Q235544,flame
Q663,aluminium
Q4220917,film award
Q190979,arachnology
Q565858,smoke detector
Q4785,nest
Q271439,elongation
Q4022,river
Q86483,Black Friday
Q178995,HTTP cookie
Q83931,locust
Q455595,amateur
Q933949,milking
Q14915627,musicologist
Q2751034,mouse
Q513550,hermitage
Q167510,bitumen
Q207079,slate
Q1706722,research fellow
Q1436734,adventure
Q43261,horizon
Q1072326,summit
Q3596097,tomato sauce
Q3241121,milligram
Q13473501,collective
Q1098,uranium
Q60186,meteorite
Q402563,maple syrup
Q11427,steel
Q32738,microcomputer
Q1569495,lecturer
Q331795,patrol vessel
Q3154693,city council
Q837721,typesetting
Q189996,multimeter
Q865422,video game controller
Q204606,cyberspace
Q48013,ounce
Q208511,global city
Q3472273,bathroom facilities
Q33442,idealism
Q925,mercury
Q193036,acrobatics
Q235041,cash register
Q3410028,psychoanalyst
Q165233,network card
Q221205,sulfide
Q186011,stereochemistry
Q193410,oval
Q212920,home appliance
Q676050,old town
Q7544,wormhole
Q2570643,senate
Q191328,tonal language
Q7883956,suicide by hanging
Q275051,Sumerian religion
Q372948,hue
Q177323,developing country
Q192386,military science
Q505781,protoplanetary disk
Q204170,darkness
Q1381169,electronic data processing
Q842782,detective
Q168800,anaphylaxis
Q376644,invisible hand
Q3222002,lane
Q122224,birth control
Q182598,graph of a function
Q1364556,music award
Q27908,music education
Q773009,equality
Q2828200,Air France Madame
Q618536,candidate
Q4479242,class
Q25257,precipitation
Q847462,buffet
Q714886,regular polygon
Q59816,racial segregation
Q756102,open-air museum
Q59172,spinning
Q471719,market capitalization
Q216642,spade
Q1142483,tart
Q211251,shock absorber
Q935666,make-up artist
Q660071,silage
Q114403,depreciation
Q184485,performing arts
Q641118,personality
Q12482,set theory
Q25288,weight
Q190132,turbulence
Q104154042,follows
Q167346,botanical garden
Q218673,libration
Q1955280,music competition
Q88480,moat
Q806798,banker
Q183425,abdominal pain
Q13716,bra
Q28837,anesthesiologist
Q37602,hail
Q42486,wrestling
Q26868,collagen
Q928830,metro station
Q1964689,fictional city
Q193124,aerobic organism
Q130788,chronology
Q959782,archaeological excavation
Q127076,vomiting
Q47398,economic history
Q16271064,herpetologist
Q3264451,cardiologist
Q207930,languages of Africa
Q25833,placentals
Q18545066,stand-up comedian
Q154549,carpenter
Q1104153,canon
Q6918773,ribbon
Q864503,biologist
Q10082670,elder sister
Q271555,biryani
Q839954,archaeological site
Q897317,winegrower
Q208128,land reform
Q831663,military campaign
Q1075,color
Q7175,mycology
Q14970,tanker
Q253756,language death
Q841654,competition
Q278113,Vulnerable
Q5428384,face shield
Q854995,television advertisement
Q1949963,statistic
Q697279,petition
Q1137109,video game publisher
Q11210,coordinate system
Q55813,machine code
Q676459,bank account
Q535695,cellular network
Q115368,compass and straightedge construction
Q614806,suit
Q237525,technological singularity
Q527395,knot
Q736798,herd immunity
Q2755547,individual sport
Q373609,water pipeline
Q13204680,father-in-law
Q45089,dice
Q166849,magnifying glass
Q1250916,warrior
Q152355,cobbler
Q814722,participle
Q1033891,martial arts film
Q189964,felt
Q182661,excavator
Q848512,sound film
Q2551525,water reservoir
Q1786125,fish oil
Q3609,road bicycle racing
Q178605,continental drift
Q11438,solid
Q1576,cigar
Q215085,golem
Q161398,force majeure
Q182677,amphoterism
Q124441,washing machine
Q34394,belief
Q210,right angle
Q327321,bricklayer
Q898786,crystal system
Q180253,fuel cell
Q194523,nuclear fuel
Q748019,scientific society
Q44127,server
Q471447,foil
Q333921,magnetometer
Q1063336,tempo rubato
Q1134306,synthesis
Q560575,amateur astronomy
Q228044,blackjack
Q859257,fly
Q179550,software bug
Q120200,ephemeris
Q205302,simony
Q208476,solid angle
Q18343,dark energy
Q25956,space station
Q68833,bone fracture
Q169950,wildfire
Q338057,inverse element
Q1148747,payment
Q129238,startup company
Q13195,lime
Q215862,motocross
Q83620,thoroughfare
Q189125,transgender
Q1058617,private investigator
Q986539,oral literature
Q124282,dock
Q165596,cache
Q210377,gaucho
Q173091,transcendental number
Q221275,sewage treatment
Q27554677,former capital
Q185557,excretion
Q485100,illiteracy
Q1056194,plant cell
Q431603,advocacy group
Q12277,arch
Q166955,sophism
Q837171,financial services
Q134624,pollination
Q211959,metal detector
Q333291,abstract
Q7892,drinking water
Q514,anatomy
Q51929074,third person
Q730920,problem solving
Q473750,world economy
Q622852,domesticated animal
Q49389,tourism
Q178898,compressor
Q623525,rotunda
Q278485,hashtag
Q106046,synoptic gospels
Q188025,salt lake
Q190007,youth
Q152074,bankruptcy
Q53121,cycling
Q135005,phishing
Q216866,conjoined twins
Q917182,military academy
Q381364,programmable read-only memory
Q690182,contrast
Q770480,injustice
Q29175,derivative
Q755673,search algorithm
Q11033,mass media
Q262090,football
Q183731,memory card
Q2998430,interior
Q697327,lawsuit
Q182154,time travel
Q331769,mood
Q11652,frequency
Q58966,spinning wheel
Q336392,mercy
Q212930,online shopping
Q3711325,speed
Q6813432,military staff
Q941818,handheld game console
Q777671,sowing
Q174989,file system
Q221378,oil shale
Q209372,transport layer
Q23916,adventure video game
Q17945,public sphere
Q181022,gluttony
Q12167,malnutrition
Q14714,achene
Q694116,miller
Q901402,geographer
Q584049,ventilation
Q853516,human skin color
Q750955,radiochemistry
Q106106,wardrobe
Q1784021,artwork copy
Q160567,seismometer
Q184753,wound
Q50708,divisor
Q105726,urination
Q328720,armillary sphere
Q240313,battery
Q41534,starch
Q14748,table
Q11205,arithmetic
Q1391831,thread
Q180600,humidity
Q725434,imperator
Q3215290,artificial lake
Q319432,bazooka
Q190578,sedan
Q1207505,quality
Q192130,horseshoe
Q3230,atmosphere of Earth
Q167987,Tai chi chuan
Q143623,sterol
Q36507,millennium
Q105196,transplantation
Q1064904,major trauma
Q1622659,hockey
Q44559,exoplanet
Q489209,joint venture
Q41088690,isomerism
Q204037,natural logarithm
Q362165,school subject
Q3251738,steam
Q216425,teaspoon
Q45842,web crawler
Q15855449,stage magician
Q235693,sanitary napkin
Q32043,addition
Q210337,media player software
Q482612,Korean drama
Q878070,duty
Q49371,legislation
Q8424,aerodynamics
Q645928,biographical film
Q39552,pressure
Q127980,fat
Q7270,republic
Q1436963,payment card
Q641226,arena
Q462437,composition
Q474187,thirst
Q5404323,ethnicity
Q478798,image
Q276258,childhood
Q131254,stigma
Q144,dog
Q11426,metal
Q68,computer